Index,0,1,2,3,4,5,6,7,8,9,10
a perfect circle,a perfect circle,tool,dredg,deftones,nine inch nails,porcupine tree,godsmack,staind,the smashing pumpkins,dream theater,opeth
abba,abba,robbie williams,elvis presley,madonna,michael jackson,mika,duffy,queen,groove coverage,frank sinatra,hans zimmer
ac/dc,ac/dc,iron maiden,metallica,black sabbath,nirvana,die toten hosen,motorhead,hammerfall,the offspring,judas priest,bloodhound gang
adam green,adam green,the libertines,the strokes,babyshambles,tom waits,bright eyes,editors,franz ferdinand,the streets,cocorosie,queens of the stone age
aerosmith,aerosmith,u2,led zeppelin,lenny kravitz,guns n roses,eric clapton,genesis,dire straits,frank sinatra,the rolling stones,deep purple
afi,afi,funeral for a friend,silverstein,the used,anti-flag,millencolin,rise against,lostprophets,fall out boy,simple plan,flyleaf
air,air,massive attack,goldfrapp,morcheeba,portishead,nouvelle vague,jamiroquai,thievery corporation,moby,bjork,feist
alanis morissette,alanis morissette,tori amos,alicia keys,norah jones,james blunt,dido,bruce springsteen,michael jackson,u2,pearl jam,aerosmith
alexisonfire,alexisonfire,underoath,funeral for a friend,silverstein,atreyu,enter shikari,the used,bring me the horizon,afi,three days grace,paramore
alicia keys,alicia keys,beyonce,lenny kravitz,norah jones,black eyed peas,maria mena,duffy,amy winehouse,alanis morissette,james morrison,jay-z
all that remains,all that remains,heaven shall burn,as i lay dying,caliban,trivium,parkway drive,chimaira,killswitch engage,machine head,hatebreed,soilwork
amon amarth,amon amarth,equilibrium,dark tranquillity,ensiferum,die apokalyptischen reiter,eluveitie,finntroll,dimmu borgir,children of bodom,arch enemy,korpiklaani
amy macdonald,amy macdonald,maria mena,lily allen,jason mraz,james morrison,leona lewis,amy winehouse,keane,duffy,james blunt,dido
amy winehouse,amy winehouse,norah jones,kate nash,duffy,lily allen,jack johnson,amy macdonald,alicia keys,jason mraz,keane,snow patrol
anti-flag,anti-flag,nofx,millencolin,rise against,bad religion,dropkick murphys,misfits,afi,flogging molly,ramones,jimmy eat world
aphex twin,aphex twin,bjork,boards of canada,cocorosie,portishead,elliott smith,beirut,eels,jamiroquai,cat power,beastie boys
apocalyptica,apocalyptica,in extremo,subway to sally,nightwish,blind guardian,manowar,hammerfall,schandmaul,iron maiden,sonata arctica,marilyn manson
arcade fire,arcade fire,the shins,the national,belle and sebastian,the decemberists,stars,modest mouse,interpol,sufjan stevens,cat power,bright eyes
arch enemy,arch enemy,slayer,children of bodom,dimmu borgir,amon amarth,kreator,hammerfall,dark tranquillity,iron maiden,die apokalyptischen reiter,ensiferum
arctic monkeys,arctic monkeys,the kooks,mando diao,the killers,the white stripes,franz ferdinand,bloc party,beatsteaks,muse,kings of leon,the hives
as i lay dying,as i lay dying,all that remains,heaven shall burn,caliban,killswitch engage,trivium,parkway drive,atreyu,chimaira,machine head,bring me the horizon
atb,atb,scooter,groove coverage,faithless,cascada,eminem,david guetta,nelly furtado,hoobastank,abba,lenny kravitz
atreyu,atreyu,silverstein,underoath,killswitch engage,as i lay dying,alexisonfire,caliban,bring me the horizon,enter shikari,the used,trivium
audioslave,audioslave,rage against the machine,pearl jam,seether,tenacious d,staind,guano apes,stone sour,godsmack,lostprophets,dredg
avril lavigne,avril lavigne,pink,kelly clarkson,evanescence,simple plan,leona lewis,good charlotte,christina aguilera,katy perry,lady gaga,britney spears
babyshambles,babyshambles,the libertines,the strokes,adam green,blur,mgmt,franz ferdinand,bright eyes,kings of leon,editors,the streets
bad religion,bad religion,nofx,anti-flag,millencolin,dropkick murphys,flogging molly,rage against the machine,rise against,tenacious d,afi,ramones
beastie boys,beastie boys,the chemical brothers,digitalism,thievery corporation,massive attack,daft punk,justice,frank sinatra,manu chao,the streets,cypress hill
beatsteaks,beatsteaks,foo fighters,billy talent,incubus,farin urlaub,the hives,arctic monkeys,mando diao,nirvana,red hot chili peppers,muse
beck,beck,elliott smith,the notwist,modest mouse,hot chip,sufjan stevens,nada surf,the decemberists,jose gonzalez,the shins,tom waits
beirut,beirut,the decemberists,the shins,cocorosie,modest mouse,bright eyes,the notwist,the national,elliott smith,hot chip,arcade fire
belle and sebastian,belle and sebastian,arcade fire,the decemberists,the national,sufjan stevens,the shins,the smiths,elliott smith,modest mouse,kings of convenience,stars
beyonce,beyonce,the pussycat dolls,christina aguilera,leona lewis,rihanna,lady gaga,britney spears,alicia keys,kelly clarkson,nelly furtado,katy perry
billy talent,billy talent,sum 41,blink-182,beatsteaks,rise against,fall out boy,linkin park,the offspring,farin urlaub,my chemical romance,green day
bjork,bjork,aphex twin,portishead,nouvelle vague,boards of canada,cocorosie,air,cat power,jamiroquai,goldfrapp,regina spektor
black eyed peas,black eyed peas,the pussycat dolls,christina aguilera,lady gaga,david guetta,alicia keys,britney spears,michael jackson,beyonce,justin timberlake,katy perry
black sabbath,black sabbath,motorhead,judas priest,deep purple,slayer,iron maiden,manowar,volbeat,kreator,ac/dc,dimmu borgir
blind guardian,blind guardian,hammerfall,iron maiden,manowar,in extremo,finntroll,apocalyptica,subway to sally,korpiklaani,schandmaul,die apokalyptischen reiter
blink-182,blink-182,sum 41,billy talent,the offspring,rise against,good charlotte,green day,jimmy eat world,fall out boy,papa roach,my chemical romance
bloc party,bloc party,death cab for cutie,the killers,kings of leon,arctic monkeys,interpol,the strokes,editors,the kooks,radiohead,mgmt
bloodhound gang,bloodhound gang,the offspring,serj tankian,green day,scooter,papa roach,blink-182,limp bizkit,eminem,seeed,ac/dc
blur,blur,travis,babyshambles,jamiroquai,kaiser chiefs,the strokes,oasis,manu chao,regina spektor,frank sinatra,david bowie
boards of canada,boards of canada,thievery corporation,mogwai,aphex twin,cocorosie,jose gonzalez,bjork,cat power,the notwist,portishead,kings of convenience
bob dylan,bob dylan,the rolling stones,tom waits,eric clapton,the beatles,the doors,johnny cash,jimi hendrix,david bowie,the clash,babyshambles
bob marley,bob marley,gentleman,bob marley & the wailers,cypress hill,seeed,peter fox,manu chao,ac/dc,eminem,bloodhound gang,gorillaz
bob marley & the wailers,bob marley & the wailers,bob marley,johnny cash,elvis presley,eric clapton,jay-z,gentleman,manu chao,cypress hill,the rolling stones,howard shore
breaking benjamin,breaking benjamin,three days grace,lostprophets,papa roach,seether,sum 41,hoobastank,disturbed,flyleaf,guano apes,the used
bright eyes,bright eyes,modest mouse,interpol,the decemberists,the notwist,the shins,stars,arcade fire,death cab for cutie,beirut,the strokes
bring me the horizon,bring me the horizon,parkway drive,as i lay dying,caliban,hatebreed,atreyu,underoath,sonic syndicate,enter shikari,all that remains,heaven shall burn
britney spears,britney spears,the pussycat dolls,lady gaga,christina aguilera,rihanna,katy perry,beyonce,pink,kelly clarkson,black eyed peas,leona lewis
bruce springsteen,bruce springsteen,u2,eric clapton,dire straits,robbie williams,r.e.m.,alanis morissette,elvis presley,michael jackson,bob dylan,eels
bullet for my valentine,bullet for my valentine,disturbed,slipknot,papa roach,stone sour,fall out boy,limp bizkit,system of a down,my chemical romance,killswitch engage,breaking benjamin
caliban,caliban,as i lay dying,all that remains,parkway drive,heaven shall burn,hatebreed,trivium,killswitch engage,machine head,chimaira,bring me the horizon
cascada,cascada,groove coverage,scooter,lady gaga,katy perry,david guetta,atb,britney spears,kelly clarkson,pink,nelly furtado
cat power,cat power,sufjan stevens,arcade fire,stars,boards of canada,elliott smith,the notwist,yann tiersen,tom waits,nouvelle vague,belle and sebastian
children of bodom,children of bodom,arch enemy,in flames,amon amarth,dimmu borgir,die apokalyptischen reiter,equilibrium,ensiferum,dark tranquillity,korpiklaani,finntroll
chimaira,chimaira,hatebreed,heaven shall burn,all that remains,machine head,trivium,soilwork,as i lay dying,caliban,killswitch engage,sonic syndicate
christina aguilera,christina aguilera,the pussycat dolls,beyonce,rihanna,kelly clarkson,katy perry,britney spears,pink,leona lewis,nelly furtado,black eyed peas
clueso,clueso,deichkind,jack johnson,oasis,peter fox,mando diao,the subways,razorlight,kanye west,beatsteaks,the kooks
cocorosie,cocorosie,hot chip,beirut,boards of canada,aphex twin,bjork,the notwist,jose gonzalez,tom waits,cat power,damien rice
coldplay,coldplay,jack johnson,the killers,muse,the kooks,placebo,mando diao,snow patrol,red hot chili peppers,foo fighters,arctic monkeys
crystal castles,crystal castles,digitalism,mgmt,hot chip,nouvelle vague,justice,joy division,the smiths,cocorosie,editors,goldfrapp
cypress hill,cypress hill,gentleman,eminem,bob marley,manu chao,bob marley & the wailers,jay-z,beastie boys,frank sinatra,faithless,the chemical brothers
daft punk,daft punk,justice,the chemical brothers,digitalism,deichkind,gorillaz,the prodigy,moby,beastie boys,air,massive attack
damien rice,damien rice,jose gonzalez,feist,kings of convenience,regina spektor,sufjan stevens,cocorosie,stars,eels,tegan and sara,bjork
dark tranquillity,dark tranquillity,amon amarth,eluveitie,soilwork,die apokalyptischen reiter,arch enemy,dimmu borgir,equilibrium,opeth,children of bodom,ensiferum
david bowie,david bowie,joy division,the cure,tom waits,the rolling stones,bob dylan,nouvelle vague,hot chip,elliott smith,johnny cash,blur
david guetta,david guetta,timbaland,black eyed peas,kanye west,justin timberlake,nelly furtado,cascada,britney spears,rihanna,leona lewis,katy perry
death cab for cutie,death cab for cutie,bloc party,interpol,modest mouse,editors,kings of leon,nada surf,the postal service,the shins,bright eyes,the strokes
deep purple,deep purple,led zeppelin,black sabbath,jimi hendrix,pink floyd,judas priest,motorhead,guns n roses,eric clapton,manowar,dire straits
deftones,deftones,a perfect circle,dredg,nine inch nails,staind,godsmack,tool,the smashing pumpkins,alexisonfire,enter shikari,mogwai
deichkind,deichkind,clueso,daft punk,justice,peter fox,the subways,seeed,mando diao,kanye west,the hives,beatsteaks
depeche mode,depeche mode,u2,pink floyd,the cure,massive attack,genesis,the beatles,queen,r.e.m.,tori amos,the chemical brothers
dido,dido,katie melua,madonna,james blunt,robbie williams,mika,duffy,norah jones,alanis morissette,jason mraz,amy macdonald
die apokalyptischen reiter,die apokalyptischen reiter,equilibrium,ensiferum,korpiklaani,amon amarth,finntroll,eluveitie,children of bodom,dark tranquillity,slayer,subway to sally
die toten hosen,die toten hosen,the offspring,farin urlaub,green day,red hot chili peppers,nirvana,system of a down,billy talent,rammstein,beatsteaks,ac/dc
digitalism,digitalism,justice,crystal castles,mgmt,daft punk,the chemical brothers,beastie boys,hot chip,goldfrapp,the postal service,nouvelle vague
dimmu borgir,dimmu borgir,amon amarth,children of bodom,arch enemy,slayer,finntroll,equilibrium,opeth,dark tranquillity,die apokalyptischen reiter,kreator
dire straits,dire straits,genesis,eric clapton,pink floyd,howard shore,the rolling stones,bruce springsteen,queen,the doors,deep purple,frank sinatra
disturbed,disturbed,slipknot,papa roach,bullet for my valentine,stone sour,in flames,system of a down,limp bizkit,killswitch engage,godsmack,breaking benjamin
dream theater,dream theater,porcupine tree,opeth,tool,howard shore,serj tankian,sonata arctica,blind guardian,a perfect circle,apocalyptica,oomph!
dredg,dredg,a perfect circle,tool,deftones,the smashing pumpkins,porcupine tree,nine inch nails,mogwai,pearl jam,audioslave,tori amos
dropkick murphys,dropkick murphys,flogging molly,nofx,misfits,anti-flag,bad religion,millencolin,ramones,the clash,tenacious d,bob marley
duffy,duffy,amy winehouse,alicia keys,dido,the ting tings,katie melua,maria mena,leona lewis,james morrison,abba,james blunt
editors,editors,interpol,death cab for cutie,kings of leon,nada surf,the libertines,modest mouse,bloc party,arcade fire,the decemberists,the postal service
eels,eels,tom waits,regina spektor,bright eyes,beirut,the notwist,jose gonzalez,stars,damien rice,r.e.m.,cat power
elliott smith,elliott smith,sufjan stevens,beck,belle and sebastian,the shins,modest mouse,the smiths,beirut,cat power,nada surf,tom waits
eluveitie,eluveitie,equilibrium,finntroll,korpiklaani,ensiferum,amon amarth,dark tranquillity,die apokalyptischen reiter,dimmu borgir,blind guardian,kreator
elvis presley,elvis presley,abba,eric clapton,michael jackson,bob marley & the wailers,johnny cash,robbie williams,bruce springsteen,frank sinatra,gentleman,yann tiersen
eminem,eminem,jay-z,cypress hill,kanye west,justin timberlake,atb,scooter,black eyed peas,seeed,the prodigy,timbaland
ensiferum,ensiferum,equilibrium,finntroll,die apokalyptischen reiter,korpiklaani,eluveitie,amon amarth,kreator,children of bodom,blind guardian,hammerfall
enter shikari,enter shikari,underoath,alexisonfire,silverstein,atreyu,funeral for a friend,bring me the horizon,the used,afi,sonic syndicate,parkway drive
equilibrium,equilibrium,ensiferum,eluveitie,die apokalyptischen reiter,amon amarth,finntroll,korpiklaani,dimmu borgir,children of bodom,dark tranquillity,kreator
eric clapton,eric clapton,the rolling stones,dire straits,jimi hendrix,bob dylan,elvis presley,the doors,bruce springsteen,deep purple,bob marley & the wailers,led zeppelin
evanescence,evanescence,him,avril lavigne,nightwish,my chemical romance,pink,linkin park,bullet for my valentine,three days grace,nickelback,rammstein
faithless,faithless,the chemical brothers,atb,moby,massive attack,david guetta,jamiroquai,morcheeba,frank sinatra,beastie boys,mika
fall out boy,fall out boy,my chemical romance,panic at the disco,billy talent,sum 41,simple plan,good charlotte,jimmy eat world,silverstein,blink-182,funeral for a friend
farin urlaub,farin urlaub,die toten hosen,the offspring,beatsteaks,green day,nirvana,system of a down,billy talent,red hot chili peppers,blink-182,sum 41
feist,feist,damien rice,kings of convenience,regina spektor,jose gonzalez,air,mgmt,death cab for cutie,radiohead,kings of leon,arcade fire
finntroll,finntroll,korpiklaani,ensiferum,eluveitie,equilibrium,amon amarth,dimmu borgir,die apokalyptischen reiter,blind guardian,in extremo,subway to sally
flogging molly,flogging molly,dropkick murphys,bad religion,anti-flag,nofx,ramones,tenacious d,schandmaul,millencolin,audioslave,manowar
flyleaf,flyleaf,paramore,three days grace,hoobastank,lostprophets,afi,breaking benjamin,my chemical romance,simple plan,seether,the used
foo fighters,foo fighters,beatsteaks,incubus,muse,the white stripes,nirvana,red hot chili peppers,queens of the stone age,billy talent,farin urlaub,placebo
frank sinatra,frank sinatra,howard shore,norah jones,hans zimmer,abba,duffy,dire straits,jamiroquai,beastie boys,elvis presley,blur
franz ferdinand,franz ferdinand,the fratellis,mando diao,kaiser chiefs,razorlight,arctic monkeys,the killers,the white stripes,the hives,kings of leon,the libertines
funeral for a friend,funeral for a friend,silverstein,alexisonfire,underoath,afi,the used,enter shikari,jimmy eat world,fall out boy,atreyu,three days grace
genesis,genesis,dire straits,queen,pink floyd,u2,r.e.m.,depeche mode,aerosmith,guns n roses,led zeppelin,deep purple
gentleman,gentleman,cypress hill,bob marley,seeed,jay-z,bob marley & the wailers,manu chao,elvis presley,the streets,michael jackson,eminem
godsmack,godsmack,staind,seether,stone sour,disturbed,tool,deftones,a perfect circle,tenacious d,slipknot,rob zombie
goldfrapp,goldfrapp,morcheeba,portishead,air,moby,massive attack,nouvelle vague,thievery corporation,digitalism,the chemical brothers,jamiroquai
good charlotte,good charlotte,simple plan,green day,sum 41,my chemical romance,fall out boy,blink-182,panic at the disco,billy talent,avril lavigne,paramore
gorillaz,gorillaz,the prodigy,daft punk,seeed,moby,the chemical brothers,peter fox,massive attack,clueso,eminem,deichkind
green day,green day,die toten hosen,good charlotte,farin urlaub,the offspring,sum 41,billy talent,blink-182,fall out boy,bloodhound gang,simple plan
groove coverage,groove coverage,cascada,scooter,atb,abba,lady gaga,pink,eminem,britney spears,hans zimmer,faithless
guano apes,guano apes,limp bizkit,breaking benjamin,hoobastank,rage against the machine,audioslave,him,staind,stone sour,papa roach,three days grace
guns n roses,guns n roses,aerosmith,deep purple,queen,led zeppelin,genesis,volbeat,alanis morissette,him,depeche mode,tori amos
hammerfall,hammerfall,blind guardian,manowar,judas priest,arch enemy,slayer,die apokalyptischen reiter,apocalyptica,iron maiden,ensiferum,finntroll
hans zimmer,hans zimmer,howard shore,queen,frank sinatra,abba,scooter,r.e.m.,aerosmith,elvis presley,dire straits,flogging molly
hatebreed,hatebreed,caliban,chimaira,parkway drive,as i lay dying,heaven shall burn,bring me the horizon,all that remains,machine head,sonic syndicate,killswitch engage
heaven shall burn,heaven shall burn,all that remains,as i lay dying,caliban,chimaira,machine head,trivium,parkway drive,soilwork,hatebreed,killswitch engage
him,him,oomph!,marilyn manson,evanescence,guano apes,nightwish,sonata arctica,hoobastank,schandmaul,lacuna coil,three days grace
hoobastank,hoobastank,three days grace,flyleaf,breaking benjamin,guano apes,lostprophets,nickelback,simple plan,seether,him,papa roach
hot chip,hot chip,the national,joy division,crystal castles,cocorosie,the notwist,beck,mgmt,the postal service,digitalism,beirut
howard shore,howard shore,hans zimmer,dire straits,queen,frank sinatra,dream theater,bob marley & the wailers,abba,porcupine tree,genesis,eric clapton
in extremo,in extremo,subway to sally,schandmaul,nightwish,apocalyptica,blind guardian,rammstein,finntroll,korpiklaani,die apokalyptischen reiter,ensiferum
in flames,in flames,children of bodom,slipknot,disturbed,amon amarth,arch enemy,metallica,soilwork,die apokalyptischen reiter,trivium,rammstein
incubus,incubus,foo fighters,beatsteaks,muse,billy talent,placebo,system of a down,red hot chili peppers,clueso,nirvana,fall out boy
interpol,interpol,editors,modest mouse,bright eyes,death cab for cutie,nada surf,arcade fire,the shins,the national,bloc party,the decemberists
iron maiden,iron maiden,judas priest,blind guardian,motorhead,manowar,slayer,arch enemy,black sabbath,hammerfall,kreator,ac/dc
jack johnson,jack johnson,coldplay,clueso,amy winehouse,red hot chili peppers,the kooks,oasis,the beatles,mando diao,jason mraz,arctic monkeys
james blunt,james blunt,dido,michael jackson,mika,robbie williams,katie melua,jason mraz,lenny kravitz,norah jones,james morrison,duffy
james morrison,james morrison,jason mraz,maria mena,katie melua,amy macdonald,lenny kravitz,the fray,mika,duffy,james blunt,alicia keys
jamiroquai,jamiroquai,morcheeba,air,thievery corporation,blur,massive attack,goldfrapp,bjork,the chemical brothers,frank sinatra,faithless
jason mraz,jason mraz,james morrison,mika,amy macdonald,keane,james blunt,kate nash,amy winehouse,katie melua,maria mena,dido
jay-z,jay-z,kanye west,eminem,timbaland,gentleman,the streets,bob marley & the wailers,lenny kravitz,alicia keys,cypress hill,black eyed peas
jimi hendrix,jimi hendrix,the doors,led zeppelin,the rolling stones,eric clapton,deep purple,bob dylan,pink floyd,dire straits,the beatles,pearl jam
jimmy eat world,jimmy eat world,funeral for a friend,panic at the disco,blink-182,fall out boy,paramore,my chemical romance,afi,the used,rise against,lostprophets
johnny cash,johnny cash,the rolling stones,tom waits,bob dylan,pearl jam,the beatles,bob marley & the wailers,the clash,ramones,elvis presley,the doors
jose gonzalez,jose gonzalez,sufjan stevens,damien rice,the notwist,kings of convenience,boards of canada,beck,feist,cocorosie,elliott smith,beirut
joy division,joy division,hot chip,the cure,the smiths,david bowie,crystal castles,tom waits,mogwai,kings of convenience,beck,elliott smith
judas priest,judas priest,kreator,iron maiden,motorhead,black sabbath,hammerfall,slayer,manowar,deep purple,blind guardian,dimmu borgir
justice,justice,digitalism,daft punk,mgmt,the chemical brothers,deichkind,crystal castles,the ting tings,beastie boys,clueso,the wombats
justin timberlake,justin timberlake,timbaland,rihanna,nelly furtado,kanye west,david guetta,beyonce,christina aguilera,black eyed peas,lenny kravitz,the pussycat dolls
kaiser chiefs,kaiser chiefs,franz ferdinand,the killers,mando diao,muse,travis,razorlight,the fratellis,the subways,oasis,the kooks
kanye west,kanye west,timbaland,jay-z,justin timberlake,david guetta,eminem,rihanna,nelly furtado,lenny kravitz,peter fox,deichkind
kate nash,kate nash,lily allen,the wombats,amy winehouse,tegan and sara,maria mena,jason mraz,regina spektor,the ting tings,the kooks,amy macdonald
katie melua,katie melua,dido,norah jones,james morrison,mika,duffy,james blunt,jason mraz,amy macdonald,bruce springsteen,frank sinatra
katy perry,katy perry,lady gaga,the pussycat dolls,leona lewis,christina aguilera,britney spears,kelly clarkson,pink,rihanna,beyonce,cascada
keane,keane,travis,jason mraz,the fray,amy macdonald,snow patrol,amy winehouse,james blunt,razorlight,kaiser chiefs,norah jones
kelly clarkson,kelly clarkson,leona lewis,christina aguilera,lady gaga,pink,beyonce,katy perry,the pussycat dolls,nelly furtado,britney spears,avril lavigne
killswitch engage,killswitch engage,as i lay dying,trivium,caliban,atreyu,all that remains,sonic syndicate,machine head,chimaira,soilwork,heaven shall burn
kings of convenience,kings of convenience,feist,damien rice,belle and sebastian,the decemberists,jose gonzalez,nouvelle vague,the national,arcade fire,stars,hot chip
kings of leon,kings of leon,the strokes,death cab for cutie,bloc party,editors,razorlight,arctic monkeys,mgmt,franz ferdinand,the killers,mando diao
korpiklaani,korpiklaani,finntroll,ensiferum,equilibrium,die apokalyptischen reiter,eluveitie,amon amarth,blind guardian,subway to sally,in extremo,schandmaul
kreator,kreator,judas priest,slayer,arch enemy,ensiferum,motorhead,amon amarth,dimmu borgir,iron maiden,equilibrium,black sabbath
lacuna coil,lacuna coil,sonata arctica,nightwish,oomph!,rob zombie,apocalyptica,schandmaul,dark tranquillity,eluveitie,die apokalyptischen reiter,in extremo
lady gaga,lady gaga,katy perry,leona lewis,britney spears,the pussycat dolls,beyonce,kelly clarkson,cascada,black eyed peas,christina aguilera,rihanna
led zeppelin,led zeppelin,deep purple,jimi hendrix,the doors,pink floyd,aerosmith,the rolling stones,guns n roses,black sabbath,eric clapton,dire straits
lenny kravitz,lenny kravitz,alicia keys,justin timberlake,james morrison,aerosmith,timbaland,james blunt,jay-z,norah jones,kanye west,duffy
leona lewis,leona lewis,kelly clarkson,lady gaga,katy perry,beyonce,christina aguilera,rihanna,nelly furtado,the pussycat dolls,pink,britney spears
lily allen,lily allen,kate nash,amy macdonald,amy winehouse,maria mena,the ting tings,duffy,keane,regina spektor,clueso,blur
limp bizkit,limp bizkit,papa roach,stone sour,guano apes,disturbed,linkin park,rage against the machine,bullet for my valentine,the offspring,blink-182,slipknot
linkin park,linkin park,billy talent,papa roach,limp bizkit,sum 41,bullet for my valentine,farin urlaub,die toten hosen,evanescence,green day,system of a down
lostprophets,lostprophets,breaking benjamin,three days grace,seether,the used,underoath,sum 41,papa roach,afi,flyleaf,blink-182
machine head,machine head,caliban,heaven shall burn,chimaira,trivium,killswitch engage,as i lay dying,all that remains,soilwork,hatebreed,sonic syndicate
madonna,madonna,robbie williams,dido,christina aguilera,mika,abba,nelly furtado,justin timberlake,kelly clarkson,duffy,michael jackson
mando diao,mando diao,arctic monkeys,the killers,the kooks,franz ferdinand,the hives,the white stripes,the subways,kaiser chiefs,beatsteaks,the fratellis
manowar,manowar,hammerfall,blind guardian,iron maiden,apocalyptica,motorhead,judas priest,black sabbath,sonata arctica,slayer,die apokalyptischen reiter
manu chao,manu chao,yann tiersen,cypress hill,bob marley & the wailers,beastie boys,tom waits,gentleman,bob dylan,blur,the clash,bob marley
maria mena,maria mena,amy macdonald,james morrison,alicia keys,beyonce,lily allen,the fray,kate nash,duffy,snow patrol,jason mraz
marilyn manson,marilyn manson,him,oomph!,rammstein,serj tankian,apocalyptica,tool,schandmaul,in extremo,subway to sally,slipknot
massive attack,massive attack,portishead,air,thievery corporation,morcheeba,goldfrapp,moby,jamiroquai,depeche mode,faithless,the chemical brothers
metallica,metallica,rammstein,system of a down,ac/dc,in flames,iron maiden,slipknot,nirvana,the offspring,die toten hosen,apocalyptica
mgmt,mgmt,crystal castles,digitalism,justice,kings of leon,hot chip,babyshambles,bloc party,feist,the strokes,editors
michael jackson,michael jackson,robbie williams,black eyed peas,abba,james blunt,elvis presley,queen,mika,bruce springsteen,alicia keys,madonna
mika,mika,jason mraz,madonna,kelly clarkson,dido,katie melua,james blunt,abba,james morrison,michael jackson,leona lewis
millencolin,millencolin,nofx,anti-flag,bad religion,dropkick murphys,afi,rise against,flogging molly,blink-182,misfits,alexisonfire
misfits,misfits,dropkick murphys,anti-flag,nofx,the clash,volbeat,ramones,afi,millencolin,bad religion,elvis presley
moby,moby,morcheeba,goldfrapp,massive attack,faithless,air,david guetta,daft punk,gorillaz,the prodigy,thievery corporation
modest mouse,modest mouse,interpol,the shins,the decemberists,bright eyes,death cab for cutie,arcade fire,belle and sebastian,nada surf,the national,beck
mogwai,mogwai,the notwist,boards of canada,cat power,the national,beck,the smashing pumpkins,joy division,editors,nada surf,the postal service
morcheeba,morcheeba,goldfrapp,thievery corporation,massive attack,moby,air,portishead,jamiroquai,nouvelle vague,bjork,faithless
motorhead,motorhead,black sabbath,judas priest,iron maiden,slayer,kreator,manowar,deep purple,hammerfall,volbeat,ac/dc
muse,muse,placebo,foo fighters,the white stripes,arctic monkeys,the killers,incubus,kaiser chiefs,queens of the stone age,coldplay,beatsteaks
my chemical romance,my chemical romance,fall out boy,the used,simple plan,good charlotte,billy talent,panic at the disco,blink-182,paramore,bullet for my valentine,evanescence
nada surf,nada surf,interpol,the shins,modest mouse,editors,death cab for cutie,beck,elliott smith,stars,the decemberists,bright eyes
nelly furtado,nelly furtado,rihanna,justin timberlake,christina aguilera,pink,kelly clarkson,leona lewis,beyonce,david guetta,the pussycat dolls,timbaland
nickelback,nickelback,peter fox,three days grace,green day,farin urlaub,good charlotte,hoobastank,papa roach,evanescence,pink,breaking benjamin
nightwish,nightwish,in extremo,schandmaul,apocalyptica,subway to sally,sonata arctica,lacuna coil,blind guardian,rammstein,evanescence,iron maiden
nine inch nails,nine inch nails,the smashing pumpkins,deftones,a perfect circle,tool,dredg,the cure,marilyn manson,godsmack,queens of the stone age,mogwai
nirvana,nirvana,red hot chili peppers,rage against the machine,die toten hosen,farin urlaub,the offspring,foo fighters,beatsteaks,the white stripes,system of a down,ac/dc
nofx,nofx,millencolin,bad religion,anti-flag,dropkick murphys,misfits,flogging molly,afi,ramones,the clash,rise against
norah jones,norah jones,amy winehouse,katie melua,alicia keys,dido,james blunt,alanis morissette,u2,snow patrol,frank sinatra,lenny kravitz
nouvelle vague,nouvelle vague,goldfrapp,bjork,air,kings of convenience,crystal castles,cat power,cocorosie,morcheeba,david bowie,hot chip
oasis,oasis,clueso,kaiser chiefs,the beatles,razorlight,jack johnson,the fratellis,travis,mando diao,snow patrol,james blunt
oomph!,oomph!,him,lacuna coil,marilyn manson,serj tankian,rob zombie,sonata arctica,evanescence,dream theater,apocalyptica,nightwish
opeth,opeth,dimmu borgir,dark tranquillity,porcupine tree,dream theater,volbeat,rob zombie,children of bodom,machine head,arch enemy,slayer
panic at the disco,panic at the disco,fall out boy,jimmy eat world,the fray,my chemical romance,simple plan,good charlotte,paramore,james blunt,green day,nickelback
papa roach,papa roach,three days grace,breaking benjamin,limp bizkit,disturbed,sum 41,bullet for my valentine,the offspring,stone sour,linkin park,billy talent
paramore,paramore,flyleaf,simple plan,my chemical romance,jimmy eat world,good charlotte,three days grace,afi,the fray,panic at the disco,blink-182
parkway drive,parkway drive,bring me the horizon,all that remains,caliban,as i lay dying,heaven shall burn,hatebreed,atreyu,chimaira,sonic syndicate,trivium
pearl jam,pearl jam,audioslave,johnny cash,the smashing pumpkins,rage against the machine,queens of the stone age,dredg,tori amos,jimi hendrix,oasis,alanis morissette
peter fox,peter fox,seeed,clueso,deichkind,nickelback,farin urlaub,bob marley,green day,kanye west,gorillaz,die toten hosen
pink,pink,christina aguilera,kelly clarkson,avril lavigne,britney spears,nelly furtado,katy perry,the pussycat dolls,leona lewis,rihanna,lady gaga
pink floyd,pink floyd,led zeppelin,dire straits,genesis,the doors,depeche mode,the rolling stones,deep purple,the beatles,jimi hendrix,porcupine tree
placebo,placebo,muse,incubus,the killers,the white stripes,farin urlaub,foo fighters,nirvana,arctic monkeys,coldplay,mando diao
porcupine tree,porcupine tree,dream theater,opeth,a perfect circle,dredg,tool,pink floyd,howard shore,jimi hendrix,tori amos,led zeppelin
portishead,portishead,massive attack,goldfrapp,bjork,air,morcheeba,thievery corporation,boards of canada,aphex twin,nouvelle vague,eels
queen,queen,genesis,hans zimmer,howard shore,u2,abba,michael jackson,dire straits,guns n roses,depeche mode,deep purple
queens of the stone age,queens of the stone age,the white stripes,the strokes,muse,foo fighters,kaiser chiefs,pearl jam,the smashing pumpkins,the doors,adam green,rage against the machine
r.e.m.,r.e.m.,u2,travis,genesis,the cure,bruce springsteen,tori amos,depeche mode,eels,oasis,johnny cash
radiohead,radiohead,death cab for cutie,bloc party,beck,modest mouse,interpol,feist,kings of leon,editors,the shins,the smashing pumpkins
rage against the machine,rage against the machine,audioslave,nirvana,pearl jam,tenacious d,limp bizkit,bad religion,guano apes,stone sour,the offspring,foo fighters
rammstein,rammstein,system of a down,metallica,subway to sally,in extremo,nightwish,marilyn manson,slipknot,die toten hosen,farin urlaub,apocalyptica
ramones,ramones,the clash,dropkick murphys,johnny cash,flogging molly,misfits,nofx,manu chao,anti-flag,the rolling stones,elvis presley
razorlight,razorlight,franz ferdinand,kings of leon,the fratellis,mando diao,kaiser chiefs,the kooks,oasis,keane,the killers,mgmt
red hot chili peppers,red hot chili peppers,nirvana,die toten hosen,the offspring,foo fighters,farin urlaub,beatsteaks,jack johnson,green day,billy talent,incubus
regina spektor,regina spektor,stars,feist,damien rice,tegan and sara,sufjan stevens,bright eyes,kate nash,cat power,eels,kings of convenience
rihanna,rihanna,nelly furtado,christina aguilera,justin timberlake,the pussycat dolls,beyonce,britney spears,leona lewis,timbaland,katy perry,pink
rise against,rise against,anti-flag,billy talent,sum 41,blink-182,afi,fall out boy,the offspring,beatsteaks,bullet for my valentine,farin urlaub
rob zombie,rob zombie,lacuna coil,opeth,apocalyptica,marilyn manson,oomph!,dark tranquillity,sonata arctica,soilwork,judas priest,godsmack
robbie williams,robbie williams,madonna,michael jackson,u2,abba,dido,bruce springsteen,james blunt,mika,elvis presley,norah jones
schandmaul,schandmaul,subway to sally,in extremo,nightwish,blind guardian,korpiklaani,apocalyptica,marilyn manson,lacuna coil,die apokalyptischen reiter,hammerfall
scooter,scooter,cascada,groove coverage,atb,eminem,bloodhound gang,hans zimmer,lady gaga,britney spears,faithless,david guetta
seeed,seeed,peter fox,deichkind,gorillaz,gentleman,bob marley,eminem,farin urlaub,bloodhound gang,timbaland,manu chao
seether,seether,staind,godsmack,lostprophets,breaking benjamin,audioslave,stone sour,three days grace,the used,limp bizkit,papa roach
serj tankian,serj tankian,marilyn manson,bloodhound gang,apocalyptica,dream theater,oomph!,the used,stone sour,staind,seether,guano apes
silverstein,silverstein,atreyu,funeral for a friend,underoath,the used,alexisonfire,enter shikari,simple plan,afi,fall out boy,three days grace
simple plan,simple plan,good charlotte,sum 41,silverstein,my chemical romance,fall out boy,paramore,avril lavigne,panic at the disco,three days grace,afi
slayer,slayer,arch enemy,kreator,dimmu borgir,motorhead,iron maiden,amon amarth,black sabbath,hammerfall,die apokalyptischen reiter,judas priest
slipknot,slipknot,disturbed,in flames,stone sour,bullet for my valentine,trivium,rammstein,soilwork,system of a down,marilyn manson,metallica
snow patrol,snow patrol,the fray,keane,norah jones,maria mena,oasis,amy winehouse,kaiser chiefs,james blunt,coldplay,panic at the disco
soilwork,soilwork,sonic syndicate,trivium,heaven shall burn,chimaira,dark tranquillity,as i lay dying,killswitch engage,machine head,all that remains,children of bodom
sonata arctica,sonata arctica,lacuna coil,nightwish,blind guardian,manowar,apocalyptica,dream theater,die apokalyptischen reiter,soilwork,rob zombie,oomph!
sonic syndicate,sonic syndicate,soilwork,killswitch engage,bring me the horizon,chimaira,as i lay dying,machine head,caliban,all that remains,parkway drive,atreyu
staind,staind,seether,godsmack,stone sour,deftones,tool,audioslave,lostprophets,limp bizkit,a perfect circle,guano apes
stars,stars,arcade fire,regina spektor,bright eyes,the shins,cat power,the decemberists,interpol,belle and sebastian,modest mouse,nada surf
stone sour,stone sour,slipknot,disturbed,staind,limp bizkit,bullet for my valentine,papa roach,seether,godsmack,tenacious d,rage against the machine
subway to sally,subway to sally,in extremo,schandmaul,apocalyptica,blind guardian,nightwish,rammstein,korpiklaani,die apokalyptischen reiter,finntroll,hammerfall
sufjan stevens,sufjan stevens,elliott smith,belle and sebastian,cat power,jose gonzalez,arcade fire,the notwist,the national,beck,damien rice,the smiths
sum 41,sum 41,blink-182,billy talent,the offspring,simple plan,rise against,papa roach,fall out boy,good charlotte,green day,breaking benjamin
system of a down,system of a down,rammstein,the offspring,metallica,farin urlaub,die toten hosen,disturbed,nirvana,bullet for my valentine,slipknot,billy talent
tegan and sara,tegan and sara,regina spektor,the fray,kate nash,stars,damien rice,maria mena,jason mraz,belle and sebastian,yann tiersen,snow patrol
tenacious d,tenacious d,rage against the machine,audioslave,stone sour,disturbed,godsmack,limp bizkit,marilyn manson,bad religion,tool,flogging molly
the beatles,the beatles,the rolling stones,the doors,bob dylan,johnny cash,pink floyd,oasis,depeche mode,jack johnson,the white stripes,jimi hendrix
the chemical brothers,the chemical brothers,daft punk,faithless,beastie boys,the prodigy,justice,digitalism,goldfrapp,massive attack,jamiroquai,gorillaz
the clash,the clash,ramones,johnny cash,dropkick murphys,bob dylan,misfits,the rolling stones,the smiths,manu chao,jimi hendrix,bob marley & the wailers
the cure,the cure,joy division,depeche mode,the smiths,david bowie,the smashing pumpkins,r.e.m.,nine inch nails,u2,elliott smith,tom waits
the decemberists,the decemberists,beirut,the shins,modest mouse,belle and sebastian,arcade fire,bright eyes,the national,kings of convenience,the notwist,stars
the doors,the doors,jimi hendrix,led zeppelin,the rolling stones,the beatles,pink floyd,bob dylan,eric clapton,dire straits,johnny cash,queens of the stone age
the fratellis,the fratellis,the subways,franz ferdinand,the kooks,the wombats,the hives,razorlight,mando diao,arctic monkeys,kaiser chiefs,oasis
the fray,the fray,snow patrol,panic at the disco,keane,maria mena,tegan and sara,james morrison,james blunt,paramore,amy macdonald,jason mraz
the hives,the hives,mando diao,beatsteaks,the fratellis,the white stripes,franz ferdinand,the subways,arctic monkeys,kaiser chiefs,deichkind,the kooks
the killers,the killers,arctic monkeys,mando diao,the kooks,bloc party,kaiser chiefs,muse,franz ferdinand,coldplay,kings of leon,placebo
the kooks,the kooks,arctic monkeys,the killers,mando diao,the fratellis,the subways,bloc party,kings of leon,franz ferdinand,kaiser chiefs,razorlight
the libertines,the libertines,babyshambles,adam green,editors,the strokes,franz ferdinand,interpol,mgmt,bright eyes,kings of leon,the smiths
the national,the national,arcade fire,belle and sebastian,hot chip,modest mouse,the decemberists,the shins,sufjan stevens,interpol,the smiths,beirut
the notwist,the notwist,bright eyes,mogwai,beck,jose gonzalez,sufjan stevens,hot chip,the decemberists,beirut,cocorosie,the national
the offspring,the offspring,die toten hosen,farin urlaub,blink-182,sum 41,system of a down,billy talent,papa roach,green day,nirvana,bloodhound gang
the postal service,the postal service,death cab for cutie,hot chip,the notwist,modest mouse,the national,the strokes,interpol,editors,arcade fire,mogwai
the prodigy,the prodigy,the chemical brothers,gorillaz,daft punk,eminem,moby,limp bizkit,deichkind,peter fox,massive attack,bob marley
the pussycat dolls,the pussycat dolls,britney spears,beyonce,christina aguilera,katy perry,rihanna,lady gaga,black eyed peas,kelly clarkson,pink,leona lewis
the rolling stones,the rolling stones,bob dylan,eric clapton,jimi hendrix,the beatles,the doors,johnny cash,pink floyd,dire straits,david bowie,led zeppelin
the shins,the shins,arcade fire,modest mouse,the decemberists,belle and sebastian,bright eyes,nada surf,beirut,interpol,elliott smith,the national
the smashing pumpkins,the smashing pumpkins,nine inch nails,pearl jam,the cure,dredg,mogwai,tori amos,queens of the stone age,deftones,radiohead,a perfect circle
the smiths,the smiths,belle and sebastian,joy division,the national,sufjan stevens,the cure,elliott smith,arcade fire,crystal castles,kings of convenience,modest mouse
the streets,the streets,jay-z,adam green,babyshambles,bjork,beirut,mgmt,jose gonzalez,beastie boys,the libertines,cocorosie
the strokes,the strokes,kings of leon,adam green,babyshambles,queens of the stone age,bloc party,interpol,the libertines,bright eyes,death cab for cutie,arctic monkeys
the subways,the subways,the fratellis,the wombats,mando diao,the hives,the kooks,arctic monkeys,deichkind,kaiser chiefs,beatsteaks,kings of leon
the ting tings,the ting tings,the wombats,duffy,justice,lily allen,kate nash,travis,kaiser chiefs,mgmt,razorlight,bob marley & the wailers
the used,the used,silverstein,my chemical romance,funeral for a friend,atreyu,lostprophets,underoath,afi,fall out boy,breaking benjamin,enter shikari
the white stripes,the white stripes,queens of the stone age,arctic monkeys,foo fighters,the hives,muse,mando diao,franz ferdinand,nirvana,beatsteaks,the strokes
the wombats,the wombats,the subways,kate nash,the fratellis,the ting tings,mgmt,kaiser chiefs,digitalism,the kooks,babyshambles,justice
thievery corporation,thievery corporation,massive attack,morcheeba,goldfrapp,boards of canada,jamiroquai,portishead,air,beastie boys,jose gonzalez,moby
three days grace,three days grace,breaking benjamin,papa roach,lostprophets,hoobastank,flyleaf,seether,simple plan,nickelback,afi,the used
timbaland,timbaland,justin timberlake,kanye west,rihanna,david guetta,nelly furtado,jay-z,lenny kravitz,britney spears,eminem,black eyed peas
tom waits,tom waits,bob dylan,johnny cash,david bowie,cat power,elliott smith,cocorosie,beck,adam green,joy division,eels
tool,tool,a perfect circle,dredg,nine inch nails,marilyn manson,godsmack,dream theater,staind,deftones,porcupine tree,opeth
tori amos,tori amos,alanis morissette,the smashing pumpkins,r.e.m.,bjork,pearl jam,depeche mode,genesis,cat power,norah jones,dido
travis,travis,keane,r.e.m.,kaiser chiefs,blur,oasis,regina spektor,the ting tings,james blunt,kate nash,jamiroquai
trivium,trivium,all that remains,as i lay dying,killswitch engage,caliban,heaven shall burn,machine head,soilwork,chimaira,slipknot,atreyu
u2,u2,r.e.m.,depeche mode,robbie williams,bruce springsteen,aerosmith,genesis,queen,norah jones,the cure,dire straits
underoath,underoath,alexisonfire,atreyu,enter shikari,silverstein,funeral for a friend,bring me the horizon,the used,lostprophets,afi,three days grace
volbeat,volbeat,black sabbath,opeth,motorhead,slayer,judas priest,kreator,misfits,rob zombie,guns n roses,machine head
yann tiersen,yann tiersen,cat power,sufjan stevens,manu chao,tom waits,the postal service,elliott smith,bob dylan,tegan and sara,the national,belle and sebastian
